{
    "1": {
        "name": "tanzim",
        "username": "tanzim",
        "item": "Pizza",
        "price": "1250",
        "quantity": "1",
        "gender": "female",
        "email": "a@gmail.com",
        "phone": "01309876512",
        "address": "Dhaka"
    },
    "2": {
        "name": "tanzim",
        "username": "aliya",
        "item": "Momo",
        "price": "150",
        "quantity": "2",
        "gender": "male",
        "email": "sohel@gmail.com",
        "phone": "01876543098",
        "address": "Dhaka"
    },
    "3": {
        "name": "tanzim",
        "username": "jamil",
        "item": "Biriyani",
        "price": "280",
        "quantity": "2",
        "gender": "male",
        "email": "jamil@gmail.com",
        "phone": "01389654376",
        "address": "Mirpur"
    }
}

