[
    {
        "name": "Pizza",
        "id": "015",
        "price": "1000",
        "quantity": "1",
        "description": "Italian classic",
        "picture": "..\/Resources\/Food\/a.jpg"
    },
    {
        "name": "Tiramisu",
        "id": "30",
        "price": "350",
        "quantity": "1",
        "description": "leomon Chocolate",
        "picture": "..\/Resources\/Food\/30.jpg"
    },
    {
        "name": "Biriyani",
        "id": "45",
        "price": "400",
        "quantity": "1",
        "description": "Beef/Mutton",
        "picture": "..\/Resources\/Food\/b.jpg"
    },{
        "name": "Borhani",
        "id": "60",
        "price": "70",
        "quantity": "1",
        "description": "Drinks",
        "picture": "..\/Resources\/Food\/borhani.jpg"
    }
]