{
    "1": {
        "name": "Sohan",
        "username": "sohan",
        "password": "123",
        "cpassword": "123",
        "gender": "male",
        "e-mail": "sohanalrazi01@gmail.com",
        "phone": "01773161611",
        "address": "Dhaka",
        "picture": "..\/Resources\/ProPic\/demo1.png"
    },
    "2": {
        "name": "Md. Sohan-Al-Razi",
        "username": "Sohan",
        "password": "123",
        "cpassword": "123",
        "gender": "male",
        "e-mail": "sohanalrazi01@gmail.com",
        "phone": "01773161611",
        "address": "dhaka",
        "picture": "..\/Resources\/ProPic\/Sohan."
    },
    "3": {
        "name": "ww vv",
        "username": "sohan",
        "password": "123",
        "cpassword": "123",
        "gender": "male",
        "e-mail": "emamhossain.tamim@outlook.com",
        "phone": "01889484524",
        "address": "Bashundhara R\/A; Block: F; Road: 15; House: 19;",
        "picture": "..\/Resources\/ProPic\/sohan.png"
    },
    "4": {
        "name": "ww vv",
        "username": "sohan",
        "password": "123",
        "cpassword": "123",
        "gender": "male",
        "e-mail": "emamhossain.tamim@outlook.com",
        "phone": "01889484524",
        "address": "Bashundhara R\/A; Block: F; Road: 15; House: 19;",
        "picture": "..\/Resources\/ProPic\/sohan.png"
    },
    "5": {
        "name": "Emam Hossain",
        "username": "sohan",
        "password": "123",
        "cpassword": "123",
        "gender": "male",
        "e-mail": "ali@gmail.com",
        "phone": "01889484524",
        "address": "Bashundhara R\/A; Block: F; Road: 15; House: 19;",
        "picture": "..\/Resources\/ProPic\/sohan.png"
    },
    "6": {
        "name": "Emam Hossain",
        "username": "sohan",
        "password": "123",
        "cpassword": "123",
        "gender": "female",
        "e-mail": "ali@gmail.com",
        "phone": "01889484524",
        "address": "Bashundhara R\/A; Block: F; Road: 15; House: 19;",
        "picture": "..\/Resources\/ProPic\/sohan.png"
    }
}